Length,AverageRuntime,MedianRuntime,MaxCount
100,2.604738489784307,0.311539888382,0
125,0.8977716922758733,0.124742984772,0
150,0.8956402778629866,0.0649890899658,0
175,5.418740876510473,4.88155198097,0
200,17.012316830973532,3.10234999657,0
225,12.835788616766061,3.59701895714,2
250,13.555852158864267,8.71362400055,0
275,41.86231054578007,21.0523478985,1
300,54.97996311526357,49.1626389027,1
